<?xml version="1.0" encoding="UTF-8"?>
<modification>
	<name>Pakistan Post Registered Mail NON COD Service</name>
	<code>ppo_regmail_non_cod_service</code>
	<version>1.0.0</version>
	<ocversion>3.0.3.x</ocversion>
	<author>Rana Mansoor Akbar Khan / Sutlej Solutions</author>
	<authorEmail>mansoor@sutlej.net</authorEmail>
    <link>https://sutlej.net/</link>
    <license>GNU/GPL</license>
    <date>2021.09.30</date>
    <description>Weight Based Shipping Method for Pakistan Post Office Registered Parcel NON COD Service</description>

</modification>